{
"tower":[
{
"img_id":"I50G077044_88",
"lng1":116.732707759,
"lat1":32.7943697566,
"lng2":116.732935558,
"lat2":32.7940860925,
"confidence":0.997581
},
{
"img_id":"I50G077044_88",
"lng1":116.734605777,
"lat1":32.796739454,
"lng2":116.734796783,
"lat2":32.7964827706,
"confidence":0.989687
},
{
"img_id":"I50G076043_27",
"lng1":116.635722023,
"lat1":32.8436661592,
"lng2":116.636177888,
"lat2":32.8431645908,
"confidence":1
}
]
}